model,repeat,fold,split_number,seed,n_validation,roc_auc,accuracy,f1_macro,f1_fake,f1_real,elapsed_seconds,batch_size,eval_batch_size,prediction_path,roc_path
MNB,1,1,1,42,1026,0.9291709889842648,0.847953216374269,0.845625,0.8266666666666665,0.8645833333333334,17.367310100002214,,,predictions/MNB/repeat_1_fold_1_predictions.csv.gz,roc_raw/MNB/repeat_1_fold_1_roc.csv
MNB,1,2,2,43,1026,0.9220823881232212,0.8645224171539961,0.8627374548478469,0.8470847084708469,0.8783902012248469,15.630349799990654,,,predictions/MNB/repeat_1_fold_2_predictions.csv.gz,roc_raw/MNB/repeat_1_fold_2_roc.csv
MNB,1,3,3,44,1026,0.9253844487762616,0.8713450292397661,0.8701604491348631,0.8577586206896551,0.8825622775800711,15.822154200053774,,,predictions/MNB/repeat_1_fold_3_predictions.csv.gz,roc_raw/MNB/repeat_1_fold_3_roc.csv
MNB,1,4,4,45,1026,0.9085929573771988,0.8460038986354775,0.8444051983951779,0.8286334056399132,0.8601769911504425,16.57990160002373,,,predictions/MNB/repeat_1_fold_4_predictions.csv.gz,roc_raw/MNB/repeat_1_fold_4_roc.csv
MNB,1,5,5,46,1025,0.9298835739522416,0.864390243902439,0.862505729933171,0.8464088397790056,0.8786026200873364,14.905256699887104,,,predictions/MNB/repeat_1_fold_5_predictions.csv.gz,roc_raw/MNB/repeat_1_fold_5_roc.csv
MNB,2,1,6,47,1026,0.9183984435856808,0.8654970760233918,0.8638749697153822,0.8490153172866521,0.8787346221441125,14.816814300022088,,,predictions/MNB/repeat_2_fold_1_predictions.csv.gz,roc_raw/MNB/repeat_2_fold_1_roc.csv
MNB,2,2,7,48,1026,0.919029216967044,0.8557504873294347,0.8538168879578572,0.8370044052863436,0.8706293706293707,17.285305699915625,,,predictions/MNB/repeat_2_fold_2_predictions.csv.gz,roc_raw/MNB/repeat_2_fold_2_roc.csv
MNB,2,3,8,49,1026,0.9167246142212798,0.8411306042884991,0.839179849736563,0.8214676889375686,0.8568920105355575,13.459566300036386,,,predictions/MNB/repeat_2_fold_3_predictions.csv.gz,roc_raw/MNB/repeat_2_fold_3_roc.csv
MNB,2,4,9,50,1026,0.9199259791236808,0.854775828460039,0.8527955783017096,0.8357221609702316,0.8698689956331878,11.245694200042635,,,predictions/MNB/repeat_2_fold_4_predictions.csv.gz,roc_raw/MNB/repeat_2_fold_4_roc.csv
MNB,2,5,10,51,1025,0.9328132614522416,0.8702439024390244,0.8691433678028853,0.8571428571428572,0.8811438784629134,13.195822500041686,,,predictions/MNB/repeat_2_fold_5_predictions.csv.gz,roc_raw/MNB/repeat_2_fold_5_roc.csv
MNB,3,1,11,52,1026,0.9239880077060748,0.8469785575048733,0.844891985190392,0.8269018743109151,0.8628820960698689,16.203739000018686,,,predictions/MNB/repeat_3_fold_1_predictions.csv.gz,roc_raw/MNB/repeat_3_fold_1_roc.csv
MNB,3,2,12,53,1026,0.9162762331429614,0.8440545808966862,0.8415101334651508,0.8214285714285714,0.8615916955017302,14.684377599973232,,,predictions/MNB/repeat_3_fold_2_predictions.csv.gz,roc_raw/MNB/repeat_3_fold_2_roc.csv
MNB,3,3,13,54,1026,0.930538931257101,0.8693957115009746,0.8681431240385316,0.8552915766738661,0.8809946714031971,16.188425899948925,,,predictions/MNB/repeat_3_fold_3_predictions.csv.gz,roc_raw/MNB/repeat_3_fold_3_roc.csv
MNB,3,4,14,55,1026,0.9272463702031774,0.8752436647173489,0.8739485151555871,0.8611713665943601,0.8867256637168142,14.074637399986386,,,predictions/MNB/repeat_3_fold_4_predictions.csv.gz,roc_raw/MNB/repeat_3_fold_4_roc.csv
MNB,3,5,15,56,1025,0.913771244517544,0.8536585365853658,0.8517266253654999,0.8348017621145374,0.8686514886164625,15.449046000023372,,,predictions/MNB/repeat_3_fold_5_predictions.csv.gz,roc_raw/MNB/repeat_3_fold_5_roc.csv
MNB,4,1,16,57,1026,0.92279485805699,0.854775828460039,0.8522172630699762,0.8327721661054995,0.8716623600344531,15.22849899996072,,,predictions/MNB/repeat_4_fold_1_predictions.csv.gz,roc_raw/MNB/repeat_4_fold_1_roc.csv
MNB,4,2,17,58,1026,0.9207562440864996,0.8528265107212476,0.8509540132242885,0.8342480790340284,0.8676599474145487,14.83538619999308,,,predictions/MNB/repeat_4_fold_2_predictions.csv.gz,roc_raw/MNB/repeat_4_fold_2_roc.csv
MNB,4,3,18,59,1026,0.928002538292884,0.8557504873294347,0.8541941926563219,0.8391304347826085,0.8692579505300353,16.580401899991557,,,predictions/MNB/repeat_4_fold_3_predictions.csv.gz,roc_raw/MNB/repeat_4_fold_3_roc.csv
MNB,4,4,19,60,1026,0.9157765542294114,0.8596491228070176,0.8584095221666379,0.8451612903225807,0.8716577540106951,15.643385199946351,,,predictions/MNB/repeat_4_fold_4_predictions.csv.gz,roc_raw/MNB/repeat_4_fold_4_roc.csv
MNB,4,5,20,61,1025,0.9284958272417154,0.8663414634146341,0.8648409324315349,0.8505997818974919,0.879082082965578,16.21347960003186,,,predictions/MNB/repeat_4_fold_5_predictions.csv.gz,roc_raw/MNB/repeat_4_fold_5_roc.csv
MNB,5,1,21,62,1026,0.9097709076676964,0.847953216374269,0.8460526315789474,0.8289473684210525,0.8631578947368421,15.511321799946018,,,predictions/MNB/repeat_5_fold_1_predictions.csv.gz,roc_raw/MNB/repeat_5_fold_1_roc.csv
MNB,5,2,22,63,1026,0.928914499808108,0.8615984405458089,0.8598684210526316,0.8442982456140352,0.875438596491228,14.44229669997003,,,predictions/MNB/repeat_5_fold_2_predictions.csv.gz,roc_raw/MNB/repeat_5_fold_2_roc.csv
MNB,5,3,23,64,1026,0.9275313581766848,0.8645224171539961,0.8631431568219701,0.8494041170097507,0.8768821966341894,16.03468210005667,,,predictions/MNB/repeat_5_fold_3_predictions.csv.gz,roc_raw/MNB/repeat_5_fold_3_roc.csv
MNB,5,4,24,65,1026,0.9109545577176644,0.8440545808966862,0.8416666666666667,0.8222222222222223,0.861111111111111,15.023215000052003,,,predictions/MNB/repeat_5_fold_4_predictions.csv.gz,roc_raw/MNB/repeat_5_fold_4_roc.csv
MNB,5,5,25,66,1025,0.9282921387670564,0.871219512195122,0.8697465400522169,0.8558951965065502,0.8835978835978836,15.95731720002368,,,predictions/MNB/repeat_5_fold_5_predictions.csv.gz,roc_raw/MNB/repeat_5_fold_5_roc.csv
MNB,6,1,26,67,1026,0.9246966778001968,0.8664717348927875,0.8651651118731865,0.851891891891892,0.878438331854481,16.36815039999783,,,predictions/MNB/repeat_6_fold_1_predictions.csv.gz,roc_raw/MNB/repeat_6_fold_1_roc.csv
MNB,6,2,27,68,1026,0.9124972926142516,0.8615984405458089,0.8602169107488256,0.8463203463203463,0.874113475177305,13.612026699935086,,,predictions/MNB/repeat_6_fold_2_predictions.csv.gz,roc_raw/MNB/repeat_6_fold_2_roc.csv
MNB,6,3,28,69,1026,0.920471256112992,0.8567251461988304,0.8548374522491619,0.8382838283828382,0.8713910761154855,15.519133700057864,,,predictions/MNB/repeat_6_fold_3_predictions.csv.gz,roc_raw/MNB/repeat_6_fold_3_roc.csv
MNB,6,4,29,70,1026,0.9187708278710638,0.8430799220272904,0.8407917906369543,0.8217054263565892,0.8598781549173194,16.17101339995861,,,predictions/MNB/repeat_6_fold_4_predictions.csv.gz,roc_raw/MNB/repeat_6_fold_4_roc.csv
MNB,6,5,30,71,1025,0.9316691794590644,0.8653658536585366,0.8636495083863505,0.8483516483516482,0.8789473684210527,15.061585600022228,,,predictions/MNB/repeat_6_fold_5_predictions.csv.gz,roc_raw/MNB/repeat_6_fold_5_roc.csv
RF,1,1,1,42,1026,0.9673099795188644,0.9083820662768031,0.9083764958028219,0.9076620825147347,0.9090909090909091,29.6904297999572,,,predictions/RF/repeat_1_fold_1_predictions.csv.gz,roc_raw/RF/repeat_1_fold_1_roc.csv
RF,1,2,2,43,1026,0.951274656209508,0.8674463937621832,0.867445890077821,0.867704280155642,0.8671875,26.165418600081463,,,predictions/RF/repeat_1_fold_2_predictions.csv.gz,roc_raw/RF/repeat_1_fold_2_roc.csv
RF,1,3,3,44,1026,0.962670375310162,0.8966861598440545,0.8966610288668022,0.8950495049504951,0.8982725527831094,25.71245110000018,,,predictions/RF/repeat_1_fold_3_predictions.csv.gz,roc_raw/RF/repeat_1_fold_3_roc.csv
RF,1,4,4,45,1026,0.9529997834091402,0.8888888888888888,0.8888681970203709,0.8903846153846154,0.8873517786561264,26.163463999982923,,,predictions/RF/repeat_1_fold_4_predictions.csv.gz,roc_raw/RF/repeat_1_fold_4_roc.csv
RF,1,5,5,46,1025,0.9624870553118908,0.8868292682926829,0.8868239898874521,0.8860510805500982,0.8875968992248061,33.26484540000092,,,predictions/RF/repeat_1_fold_5_predictions.csv.gz,roc_raw/RF/repeat_1_fold_5_roc.csv
RF,2,1,6,47,1026,0.95679582321626,0.8771929824561403,0.8771813151734412,0.875984251968504,0.8783783783783784,38.372821300057694,,,predictions/RF/repeat_2_fold_1_predictions.csv.gz,roc_raw/RF/repeat_2_fold_1_roc.csv
RF,2,2,7,48,1026,0.965782443980864,0.8898635477582846,0.889840002052352,0.8882294757665677,0.8914505283381363,26.30471449997276,,,predictions/RF/repeat_2_fold_2_predictions.csv.gz,roc_raw/RF/repeat_2_fold_2_roc.csv
RF,2,3,8,49,1026,0.9546261147779562,0.8820662768031189,0.8820607869644232,0.882865440464666,0.8812561334641806,35.025362199987285,,,predictions/RF/repeat_2_fold_3_predictions.csv.gz,roc_raw/RF/repeat_2_fold_3_roc.csv
RF,2,4,9,50,1026,0.9694416895607004,0.9103313840155945,0.9103300210894306,0.9099804305283757,0.9106796116504855,31.73542699997779,,,predictions/RF/repeat_2_fold_4_predictions.csv.gz,roc_raw/RF/repeat_2_fold_4_roc.csv
RF,2,5,10,51,1025,0.9598790813840156,0.8936585365853659,0.8936386942858584,0.8950914340712223,0.8921859545004945,41.60976479994133,,,predictions/RF/repeat_2_fold_5_predictions.csv.gz,roc_raw/RF/repeat_2_fold_5_roc.csv
RF,3,1,11,52,1026,0.9653454624214858,0.898635477582846,0.8986042692939245,0.9003831417624522,0.8968253968253969,34.03277570009232,,,predictions/RF/repeat_3_fold_1_predictions.csv.gz,roc_raw/RF/repeat_3_fold_1_roc.csv
RF,3,2,12,53,1026,0.9607894546850124,0.8888888888888888,0.8888850889192885,0.8882352941176469,0.8895348837209303,41.096567400032654,,,predictions/RF/repeat_3_fold_2_predictions.csv.gz,roc_raw/RF/repeat_3_fold_2_roc.csv
RF,3,3,13,54,1026,0.96045126895645,0.884990253411306,0.884990253411306,0.884990253411306,0.884990253411306,38.621149999904446,,,predictions/RF/repeat_3_fold_3_predictions.csv.gz,roc_raw/RF/repeat_3_fold_3_roc.csv
RF,3,4,14,55,1026,0.9603486732859874,0.898635477582846,0.8986339368837042,0.8990291262135923,0.898238747553816,37.2478483999148,,,predictions/RF/repeat_3_fold_4_predictions.csv.gz,roc_raw/RF/repeat_3_fold_4_roc.csv
RF,3,5,15,56,1025,0.953113578216374,0.8790243902439024,0.8790049273839171,0.8774703557312253,0.8805394990366089,32.201760399970226,,,predictions/RF/repeat_3_fold_5_predictions.csv.gz,roc_raw/RF/repeat_3_fold_5_roc.csv
RF,4,1,16,57,1026,0.9603258742481068,0.8879142300194932,0.8878962325191186,0.8864758144126357,0.8893166506256015,27.91795280005317,,,predictions/RF/repeat_4_fold_1_predictions.csv.gz,roc_raw/RF/repeat_4_fold_1_roc.csv
RF,4,2,17,58,1026,0.9672567817638096,0.8966861598440545,0.8966669200364854,0.8952569169960476,0.8980769230769231,26.98512269998901,,,predictions/RF/repeat_4_fold_2_predictions.csv.gz,roc_raw/RF/repeat_4_fold_2_roc.csv
RF,4,3,18,59,1026,0.9602498774551712,0.8898635477582846,0.8898550724637682,0.8908212560386475,0.8888888888888888,33.53478210000321,,,predictions/RF/repeat_4_fold_3_predictions.csv.gz,roc_raw/RF/repeat_4_fold_3_roc.csv
RF,4,4,19,60,1026,0.9535165616011004,0.8791423001949318,0.8791381668946647,0.8798449612403101,0.8784313725490195,34.85174850001931,,,predictions/RF/repeat_4_fold_4_predictions.csv.gz,roc_raw/RF/repeat_4_fold_4_roc.csv
RF,4,5,20,61,1025,0.969648513645224,0.9248780487804878,0.9248754746147161,0.9244357212953875,0.9253152279340446,31.29117440001573,,,predictions/RF/repeat_4_fold_5_predictions.csv.gz,roc_raw/RF/repeat_4_fold_5_roc.csv
RF,5,1,21,62,1026,0.9555798745292948,0.8820662768031189,0.8820661647707031,0.8821811100292113,0.881951219512195,42.16719720000401,,,predictions/RF/repeat_5_fold_1_predictions.csv.gz,roc_raw/RF/repeat_5_fold_1_roc.csv
RF,5,2,22,63,1026,0.9639357219125352,0.8976608187134503,0.8976607214952382,0.897560975609756,0.8977604673807205,41.22694500000216,,,predictions/RF/repeat_5_fold_2_predictions.csv.gz,roc_raw/RF/repeat_5_fold_2_roc.csv
RF,5,3,23,64,1026,0.9631643544642414,0.9005847953216374,0.9005787507647642,0.9013539651837523,0.899803536345776,42.06188709998969,,,predictions/RF/repeat_5_fold_3_predictions.csv.gz,roc_raw/RF/repeat_5_fold_3_roc.csv
RF,5,4,24,65,1026,0.9552454886403794,0.8771929824561403,0.8771463000201468,0.874751491053678,0.8795411089866156,41.58927220001351,,,predictions/RF/repeat_5_fold_4_predictions.csv.gz,roc_raw/RF/repeat_5_fold_4_roc.csv
RF,5,5,25,66,1025,0.960305494639376,0.8917073170731707,0.8916970086385378,0.89064039408867,0.8927536231884058,40.65353320003487,,,predictions/RF/repeat_5_fold_5_predictions.csv.gz,roc_raw/RF/repeat_5_fold_5_roc.csv
RF,6,1,26,67,1026,0.96159122085048,0.9005847953216374,0.9005787507647642,0.9013539651837523,0.899803536345776,41.20649719994981,,,predictions/RF/repeat_6_fold_1_predictions.csv.gz,roc_raw/RF/repeat_6_fold_1_roc.csv
RF,6,2,27,68,1026,0.9570428127933,0.8869395711500975,0.8869357045143638,0.8875968992248061,0.8862745098039215,30.51373269991018,,,predictions/RF/repeat_6_fold_2_predictions.csv.gz,roc_raw/RF/repeat_6_fold_2_roc.csv
RF,6,3,28,69,1026,0.9604474691168032,0.8918128654970761,0.891800428481172,0.89064039408867,0.892960462873674,26.67720829998143,,,predictions/RF/repeat_6_fold_3_predictions.csv.gz,roc_raw/RF/repeat_6_fold_3_roc.csv
RF,6,4,29,70,1026,0.9582739608388526,0.8957115009746589,0.8957066463239114,0.8949950932286554,0.8964181994191674,28.42544640006963,,,predictions/RF/repeat_6_fold_4_predictions.csv.gz,roc_raw/RF/repeat_6_fold_4_roc.csv
RF,6,5,30,71,1025,0.9663780762670564,0.8848780487804878,0.884859527671792,0.8833992094861659,0.8863198458574181,27.746493899961933,,,predictions/RF/repeat_6_fold_5_predictions.csv.gz,roc_raw/RF/repeat_6_fold_5_roc.csv
LR,1,1,1,42,1026,0.978006528124513,0.9249512670565302,0.9249426395770293,0.9257473481195757,0.9241379310344828,200.16336429992225,,,predictions/LR/repeat_1_fold_1_predictions.csv.gz,roc_raw/LR/repeat_1_fold_1_roc.csv
LR,1,2,2,43,1026,0.9730629367440694,0.9278752436647173,0.9278576993975789,0.928982725527831,0.9267326732673267,189.5138778000837,,,predictions/LR/repeat_1_fold_2_predictions.csv.gz,roc_raw/LR/repeat_1_fold_2_roc.csv
LR,1,3,3,44,1026,0.9676519650870732,0.9035087719298246,0.9035086802669391,0.9036027263875366,0.9034146341463416,201.89767620002385,,,predictions/LR/repeat_1_fold_3_predictions.csv.gz,roc_raw/LR/repeat_1_fold_3_roc.csv
LR,1,4,4,45,1026,0.9777671382267668,0.9278752436647173,0.9278420668471152,0.9293893129770991,0.9262948207171314,139.6788243999472,,,predictions/LR/repeat_1_fold_4_predictions.csv.gz,roc_raw/LR/repeat_1_fold_4_roc.csv
LR,1,5,5,46,1025,0.9765320419103312,0.9248780487804878,0.9248754746147161,0.9253152279340445,0.9244357212953875,228.2051330000395,,,predictions/LR/repeat_1_fold_5_predictions.csv.gz,roc_raw/LR/repeat_1_fold_5_roc.csv
LR,2,1,6,47,1026,0.972595556467517,0.9249512670565302,0.9249506254114548,0.9251700680272107,0.9247311827956989,183.76128710003104,,,predictions/LR/repeat_2_fold_1_predictions.csv.gz,roc_raw/LR/repeat_2_fold_1_roc.csv
LR,2,2,7,48,1026,0.9721965733046064,0.9103313840155945,0.9103283173734609,0.9108527131782945,0.9098039215686273,219.6735004999209,,,predictions/LR/repeat_2_fold_2_predictions.csv.gz,roc_raw/LR/repeat_2_fold_2_roc.csv
LR,2,3,8,49,1026,0.9744080799790248,0.9249512670565302,0.9249352226374434,0.9260326609029779,0.9238377843719091,155.71952200005762,,,predictions/LR/repeat_2_fold_3_predictions.csv.gz,roc_raw/LR/repeat_2_fold_3_roc.csv
LR,2,4,9,50,1026,0.9754758349197664,0.9269005847953217,0.9268988487162412,0.92725509214355,0.9265426052889324,221.1770662000636,,,predictions/LR/repeat_2_fold_4_predictions.csv.gz,roc_raw/LR/repeat_2_fold_4_roc.csv
LR,2,5,10,51,1025,0.9786374573586744,0.9180487804878049,0.918031226199543,0.9192307692307693,0.9168316831683168,150.27373219991568,,,predictions/LR/repeat_2_fold_5_predictions.csv.gz,roc_raw/LR/repeat_2_fold_5_roc.csv
LR,3,1,11,52,1026,0.9794694663885184,0.9346978557504874,0.9346754536426831,0.9358851674641149,0.9334657398212513,139.68696690001525,,,predictions/LR/repeat_3_fold_1_predictions.csv.gz,roc_raw/LR/repeat_3_fold_1_roc.csv
LR,3,2,12,53,1026,0.9810577993608668,0.9278752436647173,0.9278741473980203,0.9281553398058252,0.9275929549902153,217.1259431000799,,,predictions/LR/repeat_3_fold_2_predictions.csv.gz,roc_raw/LR/repeat_3_fold_2_roc.csv
LR,3,3,13,54,1026,0.9769045746269508,0.9278752436647173,0.9278618121009425,0.9288461538461538,0.9268774703557313,217.4688919000328,,,predictions/LR/repeat_3_fold_3_predictions.csv.gz,roc_raw/LR/repeat_3_fold_3_roc.csv
LR,3,4,14,55,1026,0.9702852539622828,0.9200779727095516,0.9200776690175098,0.9202334630350194,0.9199218750000001,140.51211130002048,,,predictions/LR/repeat_3_fold_4_predictions.csv.gz,roc_raw/LR/repeat_3_fold_4_roc.csv
LR,3,5,15,56,1025,0.9740040204678362,0.92,0.9199999238547759,0.9200779727095517,0.9199218750000001,161.50947649998125,,,predictions/LR/repeat_3_fold_5_predictions.csv.gz,roc_raw/LR/repeat_3_fold_5_roc.csv
LR,4,1,16,57,1026,0.9787512966952796,0.9298245614035088,0.9298242947470816,0.9299610894941633,0.9296875,154.44080580002628,,,predictions/LR/repeat_4_fold_1_predictions.csv.gz,roc_raw/LR/repeat_4_fold_1_roc.csv
LR,4,2,17,58,1026,0.9730933354612434,0.9278752436647173,0.9278653760645758,0.928709055876686,0.9270216962524656,155.1799822000321,,,predictions/LR/repeat_4_fold_2_predictions.csv.gz,roc_raw/LR/repeat_4_fold_2_roc.csv
LR,4,3,18,59,1026,0.9786373015058764,0.9152046783625731,0.9151755890584092,0.9167464114832535,0.913604766633565,165.73414399998728,,,predictions/LR/repeat_4_fold_3_predictions.csv.gz,roc_raw/LR/repeat_4_fold_3_roc.csv
LR,4,4,19,60,1026,0.9751908469462588,0.9161793372319688,0.9161742408408796,0.9168278529980657,0.9155206286836935,143.55197469994891,,,predictions/LR/repeat_4_fold_4_predictions.csv.gz,roc_raw/LR/repeat_4_fold_4_roc.csv
LR,4,5,20,61,1025,0.9727247807017544,0.9229268292682927,0.9229265358297617,0.9227761485826003,0.9230769230769231,210.26513430010527,,,predictions/LR/repeat_4_fold_5_predictions.csv.gz,roc_raw/LR/repeat_4_fold_5_roc.csv
LR,5,1,21,62,1026,0.9713758079409048,0.9132553606237817,0.9132256025999821,0.9148325358851676,0.9116186693147965,215.20838939992245,,,predictions/LR/repeat_5_fold_1_predictions.csv.gz,roc_raw/LR/repeat_5_fold_1_roc.csv
LR,5,2,22,63,1026,0.9739748982592936,0.935672514619883,0.935670314637483,0.9352941176470588,0.9360465116279071,216.6358506999677,,,predictions/LR/repeat_5_fold_2_predictions.csv.gz,roc_raw/LR/repeat_5_fold_2_roc.csv
LR,5,3,23,64,1026,0.9825853348988672,0.9259259259259259,0.9258977682661202,0.9273422562141491,0.9244532803180915,117.27160980005284,,,predictions/LR/repeat_5_fold_3_predictions.csv.gz,roc_raw/LR/repeat_5_fold_3_roc.csv
LR,5,4,24,65,1026,0.97031185283981,0.9181286549707602,0.9181236771003942,0.918762088974855,0.9174852652259333,134.4163913000375,,,predictions/LR/repeat_5_fold_4_predictions.csv.gz,roc_raw/LR/repeat_5_fold_4_roc.csv
LR,5,5,25,66,1025,0.9776475694444444,0.9317073170731708,0.9317041318286349,0.9321705426356589,0.9312377210216108,215.12773780000865,,,predictions/LR/repeat_5_fold_5_predictions.csv.gz,roc_raw/LR/repeat_5_fold_5_roc.csv
LR,6,1,26,67,1026,0.9802446336764588,0.9307992202729045,0.9307754807258282,0.9320574162679426,0.9294935451837139,176.8083538999781,,,predictions/LR/repeat_6_fold_1_predictions.csv.gz,roc_raw/LR/repeat_6_fold_1_roc.csv
LR,6,2,27,68,1026,0.9756354281849304,0.9210526315789473,0.9210255484336914,0.9224880382775119,0.919563058589871,173.14225249993615,,,predictions/LR/repeat_6_fold_2_predictions.csv.gz,roc_raw/LR/repeat_6_fold_2_roc.csv
LR,6,3,28,69,1026,0.9740166964954078,0.9249512670565302,0.9249511957631747,0.9248780487804877,0.9250243427458618,186.7969477000879,,,predictions/LR/repeat_6_fold_3_predictions.csv.gz,roc_raw/LR/repeat_6_fold_3_roc.csv
LR,6,4,29,70,1026,0.9745144754891344,0.9200779727095516,0.920076757927536,0.9203883495145632,0.9197651663405088,185.6911332999589,,,predictions/LR/repeat_6_fold_4_predictions.csv.gz,roc_raw/LR/repeat_6_fold_4_roc.csv
LR,6,5,30,71,1025,0.9818698221247564,0.9248780487804878,0.9248754746147161,0.9244357212953875,0.9253152279340446,200.33117659995327,,,predictions/LR/repeat_6_fold_5_predictions.csv.gz,roc_raw/LR/repeat_6_fold_5_roc.csv
LR_deploy,1,1,1,42,1026,0.9778469348593488,0.9230019493177388,0.9229983650428879,0.9235237173281704,0.9224730127576055,226.6046425000532,,,predictions/LR_deploy/repeat_1_fold_1_predictions.csv.gz,roc_raw/LR_deploy/repeat_1_fold_1_roc.csv
LR_deploy,1,2,2,43,1026,0.973363124076164,0.9269005847953217,0.9268888472950774,0.9278152069297401,0.9259624876604147,195.52247209998316,,,predictions/LR_deploy/repeat_1_fold_2_predictions.csv.gz,roc_raw/LR_deploy/repeat_1_fold_2_roc.csv
LR_deploy,1,3,3,44,1026,0.9667172045339686,0.9015594541910331,0.9015593606763722,0.901655306718598,0.9014634146341465,190.4409938000608,,,predictions/LR_deploy/repeat_1_fold_3_predictions.csv.gz,roc_raw/LR_deploy/repeat_1_fold_3_roc.csv
LR_deploy,1,4,4,45,1026,0.9773225569880952,0.9298245614035088,0.9297922812566528,0.9312977099236642,0.9282868525896415,300.71169539995026,,,predictions/LR_deploy/repeat_1_fold_4_predictions.csv.gz,roc_raw/LR_deploy/repeat_1_fold_4_roc.csv
LR_deploy,1,5,5,46,1025,0.9770231786062378,0.926829268292683,0.9268223031341472,0.927536231884058,0.9261083743842363,216.87375520006756,,,predictions/LR_deploy/repeat_1_fold_5_predictions.csv.gz,roc_raw/LR_deploy/repeat_1_fold_5_roc.csv
LR_deploy,2,1,6,47,1026,0.9728425460445568,0.9220272904483431,0.9220246238030094,0.9224806201550386,0.9215686274509803,226.67377160000612,,,predictions/LR_deploy/repeat_2_fold_1_predictions.csv.gz,roc_raw/LR_deploy/repeat_2_fold_1_roc.csv
LR_deploy,2,2,7,48,1026,0.9725157598349348,0.9122807017543859,0.9122803684338522,0.9121093750000001,0.9124513618677043,202.38926239998543,,,predictions/LR_deploy/repeat_2_fold_2_predictions.csv.gz,roc_raw/LR_deploy/repeat_2_fold_2_roc.csv
LR_deploy,2,3,8,49,1026,0.9739293001835324,0.9230019493177388,0.9229895858174815,0.9239653512993262,0.9220138203356367,236.9633487999672,,,predictions/LR_deploy/repeat_2_fold_3_predictions.csv.gz,roc_raw/LR_deploy/repeat_2_fold_3_roc.csv
LR_deploy,2,4,9,50,1026,0.9756734265813982,0.928849902534113,0.9288498349443086,0.9287804878048781,0.928919182083739,165.9763520999113,,,predictions/LR_deploy/repeat_2_fold_4_predictions.csv.gz,roc_raw/LR_deploy/repeat_2_fold_4_roc.csv
LR_deploy,2,5,10,51,1025,0.9778836196393762,0.9209756097560976,0.9209563496257029,0.9221902017291066,0.9197224975222992,201.0065684000729,,,predictions/LR_deploy/repeat_2_fold_5_predictions.csv.gz,roc_raw/LR_deploy/repeat_2_fold_5_roc.csv
LR_deploy,3,1,11,52,1026,0.9792376761700656,0.9337231968810916,0.9337108543630283,0.9346153846153846,0.9328063241106719,213.11784239998087,,,predictions/LR_deploy/repeat_3_fold_1_predictions.csv.gz,roc_raw/LR_deploy/repeat_3_fold_1_roc.csv
LR_deploy,3,2,12,53,1026,0.9804460251777374,0.9298245614035088,0.9298234947656413,0.9300970873786407,0.9295499021526419,177.22771939996164,,,predictions/LR_deploy/repeat_3_fold_2_predictions.csv.gz,roc_raw/LR_deploy/repeat_3_fold_2_roc.csv
LR_deploy,3,3,13,54,1026,0.9766119869741496,0.9259259259259259,0.925903119868637,0.9272030651340996,0.9246031746031745,158.33490740007255,,,predictions/LR_deploy/repeat_3_fold_3_predictions.csv.gz,roc_raw/LR_deploy/repeat_3_fold_3_roc.csv
LR_deploy,3,4,14,55,1026,0.9709046278247058,0.919103313840156,0.9191026221967631,0.9193391642371235,0.9188660801564026,204.0230801999569,,,predictions/LR_deploy/repeat_3_fold_4_predictions.csv.gz,roc_raw/LR_deploy/repeat_3_fold_4_roc.csv
LR_deploy,3,5,15,56,1025,0.9736423306530216,0.9180487804878049,0.9180480784606365,0.9182879377431907,0.9178082191780823,316.49205520004034,,,predictions/LR_deploy/repeat_3_fold_5_predictions.csv.gz,roc_raw/LR_deploy/repeat_3_fold_5_roc.csv
LR_deploy,4,1,16,57,1026,0.9784397098442446,0.9269005847953217,0.9268971820027417,0.9273959341723136,0.9263984298331699,204.7429967999924,,,predictions/LR_deploy/repeat_4_fold_1_predictions.csv.gz,roc_raw/LR_deploy/repeat_4_fold_1_roc.csv
LR_deploy,4,2,17,58,1026,0.9730249383476016,0.9278752436647173,0.9278683914510686,0.9285714285714286,0.9271653543307087,195.91488620010205,,,predictions/LR_deploy/repeat_4_fold_2_predictions.csv.gz,roc_raw/LR_deploy/repeat_4_fold_2_roc.csv
LR_deploy,4,3,18,59,1026,0.9783257146548416,0.9142300194931774,0.9142182850497657,0.9152215799614644,0.913214990138067,211.51042269996836,,,predictions/LR_deploy/repeat_4_fold_3_predictions.csv.gz,roc_raw/LR_deploy/repeat_4_fold_3_roc.csv
LR_deploy,4,4,19,60,1026,0.9756962256192788,0.9220272904483431,0.9220198826498038,0.9227799227799227,0.921259842519685,224.45532050007023,,,predictions/LR_deploy/repeat_4_fold_4_predictions.csv.gz,roc_raw/LR_deploy/repeat_4_fold_4_roc.csv
LR_deploy,4,5,20,61,1025,0.972062317251462,0.9248780487804878,0.9248777627707803,0.9250243427458618,0.9247311827956989,204.8420330999652,,,predictions/LR_deploy/repeat_4_fold_5_predictions.csv.gz,roc_raw/LR_deploy/repeat_4_fold_5_roc.csv
LR_deploy,5,1,21,62,1026,0.9715657999232432,0.9181286549707602,0.918103448275862,0.9195402298850573,0.9166666666666666,134.82303099997807,,,predictions/LR_deploy/repeat_5_fold_1_predictions.csv.gz,roc_raw/LR_deploy/repeat_5_fold_1_roc.csv
LR_deploy,5,2,22,63,1026,0.9732567285660544,0.9337231968810916,0.9337229450389104,0.93359375,0.9338521400778209,148.88016709999647,,,predictions/LR_deploy/repeat_5_fold_2_predictions.csv.gz,roc_raw/LR_deploy/repeat_5_fold_2_roc.csv
LR_deploy,5,3,23,64,1026,0.9814263838066032,0.9269005847953217,0.9268699482530043,0.9283667621776504,0.9253731343283581,138.86940640001558,,,predictions/LR_deploy/repeat_5_fold_3_predictions.csv.gz,roc_raw/LR_deploy/repeat_5_fold_3_roc.csv
LR_deploy,5,4,24,65,1026,0.9707412347198948,0.9200779727095516,0.9200752393980849,0.9205426356589148,0.919607843137255,203.2986486000009,,,predictions/LR_deploy/repeat_5_fold_4_predictions.csv.gz,roc_raw/LR_deploy/repeat_5_fold_4_roc.csv
LR_deploy,5,5,25,66,1025,0.9780701754385964,0.9336585365853659,0.9336554423478167,0.9341085271317829,0.9332023575638506,208.3200019000797,,,predictions/LR_deploy/repeat_5_fold_5_predictions.csv.gz,roc_raw/LR_deploy/repeat_5_fold_5_roc.csv
LR_deploy,6,1,26,67,1026,0.9790666833859611,0.9327485380116959,0.9327085854202886,0.934348239771646,0.9310689310689311,144.07995399995707,,,predictions/LR_deploy/repeat_6_fold_1_predictions.csv.gz,roc_raw/LR_deploy/repeat_6_fold_1_roc.csv
LR_deploy,6,2,27,68,1026,0.9756962256192788,0.9239766081871345,0.9239532019704433,0.925287356321839,0.9226190476190477,138.3400105999317,,,predictions/LR_deploy/repeat_6_fold_2_predictions.csv.gz,roc_raw/LR_deploy/repeat_6_fold_2_roc.csv
LR_deploy,6,3,28,69,1026,0.9740774939297562,0.9259259259259259,0.9259248000303991,0.9256360078277885,0.9262135922330097,141.77632469998207,,,predictions/LR_deploy/repeat_6_fold_3_predictions.csv.gz,roc_raw/LR_deploy/repeat_6_fold_3_roc.csv
LR_deploy,6,4,29,70,1026,0.973819104833776,0.9181286549707602,0.9181283438715954,0.9182879377431907,0.91796875,206.17349089996424,,,predictions/LR_deploy/repeat_6_fold_4_predictions.csv.gz,roc_raw/LR_deploy/repeat_6_fold_4_roc.csv
LR_deploy,6,5,30,71,1025,0.9822086683723196,0.9297560975609757,0.9297554958234027,0.9295499021526419,0.9299610894941633,126.34252130007371,,,predictions/LR_deploy/repeat_6_fold_5_predictions.csv.gz,roc_raw/LR_deploy/repeat_6_fold_5_roc.csv
SVC,1,1,1,42,1026,0.9752516443806072,0.9249512670565302,0.9249477735228147,0.9254598257502419,0.9244357212953875,130.13176629994996,,,predictions/SVC/repeat_1_fold_1_predictions.csv.gz,roc_raw/SVC/repeat_1_fold_1_roc.csv
SVC,1,2,2,43,1026,0.9707450345595416,0.9200779727095516,0.9200533661740559,0.921455938697318,0.9186507936507937,126.50699679995888,,,predictions/SVC/repeat_1_fold_2_predictions.csv.gz,roc_raw/SVC/repeat_1_fold_2_roc.csv
SVC,1,3,3,44,1026,0.9656760484707544,0.898635477582846,0.8986320109439124,0.8992248062015504,0.8980392156862744,138.87017219990958,,,predictions/SVC/repeat_1_fold_3_predictions.csv.gz,roc_raw/SVC/repeat_1_fold_3_roc.csv
SVC,1,4,4,45,1026,0.9776569428770108,0.9327485380116959,0.9327341605452415,0.9337175792507205,0.9317507418397626,133.99356169998646,,,predictions/SVC/repeat_1_fold_4_predictions.csv.gz,roc_raw/SVC/repeat_1_fold_4_roc.csv
SVC,1,5,5,46,1025,0.9741601181773878,0.9229268292682927,0.9229221339836526,0.9235237173281704,0.9223205506391348,134.5097756999312,,,predictions/SVC/repeat_1_fold_5_predictions.csv.gz,roc_raw/SVC/repeat_1_fold_5_roc.csv
SVC,2,1,6,47,1026,0.9720293803601489,0.9210526315789473,0.9210507566135404,0.9214354995150339,0.9206660137120469,129.84680489997845,,,predictions/SVC/repeat_2_fold_1_predictions.csv.gz,roc_raw/SVC/repeat_2_fold_1_roc.csv
SVC,2,2,7,48,1026,0.9693865918858224,0.9093567251461988,0.9093545724081389,0.9097963142580018,0.9089128305582761,196.4976560000796,,,predictions/SVC/repeat_2_fold_2_predictions.csv.gz,roc_raw/SVC/repeat_2_fold_2_roc.csv
SVC,2,3,8,49,1026,0.97497805592604,0.9385964912280702,0.938596432897143,0.9386562804284323,0.9385365853658536,157.1972351000877,,,predictions/SVC/repeat_2_fold_3_predictions.csv.gz,roc_raw/SVC/repeat_2_fold_3_roc.csv
SVC,2,4,9,50,1026,0.973575915096383,0.928849902534113,0.9288498349443086,0.928919182083739,0.9287804878048781,150.83645529998466,,,predictions/SVC/repeat_2_fold_4_predictions.csv.gz,roc_raw/SVC/repeat_2_fold_4_roc.csv
SVC,2,5,10,51,1025,0.9758733857212476,0.9229268292682927,0.9229194926346351,0.923671497584541,0.9221674876847291,182.99571000004653,,,predictions/SVC/repeat_2_fold_5_predictions.csv.gz,roc_raw/SVC/repeat_2_fold_5_roc.csv
SVC,3,1,11,52,1026,0.9781053239553292,0.9307992202729045,0.9307975767847083,0.9311348205625607,0.930460333006856,211.11951250000857,,,predictions/SVC/repeat_3_fold_1_predictions.csv.gz,roc_raw/SVC/repeat_3_fold_1_roc.csv
SVC,3,2,12,53,1026,0.9798304511549611,0.9249512670565302,0.9249494846820077,0.9245837414299706,0.9253152279340446,215.93834130000323,,,predictions/SVC/repeat_3_fold_2_predictions.csv.gz,roc_raw/SVC/repeat_3_fold_2_roc.csv
SVC,3,3,13,54,1026,0.9748906596141642,0.9298245614035088,0.9298202946574806,0.9303675048355898,0.9292730844793714,158.97473339992575,,,predictions/SVC/repeat_3_fold_3_predictions.csv.gz,roc_raw/SVC/repeat_3_fold_3_roc.csv
SVC,3,4,14,55,1026,0.969350493409178,0.9181286549707602,0.9181236771003942,0.918762088974855,0.9174852652259333,215.7786376000149,,,predictions/SVC/repeat_3_fold_4_predictions.csv.gz,roc_raw/SVC/repeat_3_fold_4_roc.csv
SVC,3,5,15,56,1025,0.971428408260234,0.9190243902439025,0.9190194572233312,0.9196515004840271,0.9183874139626353,168.58686229994055,,,predictions/SVC/repeat_3_fold_5_predictions.csv.gz,roc_raw/SVC/repeat_3_fold_5_roc.csv
SVC,4,1,16,57,1026,0.9765055914640404,0.9239766081871345,0.9239662072032014,0.9248554913294799,0.923076923076923,151.39733489998616,,,predictions/SVC/repeat_4_fold_1_predictions.csv.gz,roc_raw/SVC/repeat_4_fold_1_roc.csv
SVC,4,2,17,58,1026,0.9708970281454125,0.9307992202729045,0.9307975767847083,0.9311348205625607,0.930460333006856,212.52357740001756,,,predictions/SVC/repeat_4_fold_2_predictions.csv.gz,roc_raw/SVC/repeat_4_fold_2_roc.csv
SVC,4,3,18,59,1026,0.978481508080359,0.9259259259259259,0.9259157916338886,0.9267822736030829,0.9250493096646943,200.96931319998112,,,predictions/SVC/repeat_4_fold_3_predictions.csv.gz,roc_raw/SVC/repeat_4_fold_3_roc.csv
SVC,4,4,19,60,1026,0.9745239750882514,0.9200779727095516,0.9200670383418272,0.9210019267822737,0.9191321499013807,214.79056170000692,,,predictions/SVC/repeat_4_fold_4_predictions.csv.gz,roc_raw/SVC/repeat_4_fold_4_roc.csv
SVC,4,5,20,61,1025,0.970135843079922,0.9170731707317074,0.9170731707317074,0.9170731707317074,0.9170731707317074,206.6881159999175,,,predictions/SVC/repeat_4_fold_5_predictions.csv.gz,roc_raw/SVC/repeat_4_fold_5_roc.csv
SVC,5,1,21,62,1026,0.9700515638240066,0.9210526315789473,0.9210465563678337,0.9217391304347825,0.9203539823008849,162.49647099990398,,,predictions/SVC/repeat_5_fold_1_predictions.csv.gz,roc_raw/SVC/repeat_5_fold_1_roc.csv
SVC,5,2,22,63,1026,0.973670911087552,0.9366471734892787,0.936645668887409,0.9363369245837414,0.9369544131910766,125.83194199996068,,,predictions/SVC/repeat_5_fold_2_predictions.csv.gz,roc_raw/SVC/repeat_5_fold_2_roc.csv
SVC,5,3,23,64,1026,0.9804403254182674,0.9269005847953217,0.9268888472950774,0.9278152069297401,0.9259624876604147,127.90476449998096,,,predictions/SVC/repeat_5_fold_3_predictions.csv.gz,roc_raw/SVC/repeat_5_fold_3_roc.csv
SVC,5,4,24,65,1026,0.9688413148965114,0.9220272904483431,0.9220272904483431,0.9220272904483431,0.9220272904483431,124.9928479999071,,,predictions/SVC/repeat_5_fold_4_predictions.csv.gz,roc_raw/SVC/repeat_5_fold_4_roc.csv
SVC,5,5,25,66,1025,0.9756335282651072,0.9317073170731708,0.9317056919855321,0.9320388349514563,0.9313725490196079,128.66694529994857,,,predictions/SVC/repeat_5_fold_5_predictions.csv.gz,roc_raw/SVC/repeat_5_fold_5_roc.csv
SVC,6,1,26,67,1026,0.9791882782546576,0.9317738791423001,0.9317572832139259,0.9328214971209212,0.9306930693069306,132.4012862999225,,,predictions/SVC/repeat_6_fold_1_predictions.csv.gz,roc_raw/SVC/repeat_6_fold_1_roc.csv
SVC,6,2,27,68,1026,0.9740546948918756,0.9210526315789473,0.9210357536835443,0.9221902017291066,0.9198813056379821,126.18575970001984,,,predictions/SVC/repeat_6_fold_2_predictions.csv.gz,roc_raw/SVC/repeat_6_fold_2_roc.csv
SVC,6,3,28,69,1026,0.9724093643248256,0.9249512670565302,0.9249511957631747,0.9250243427458618,0.9248780487804877,129.09847450000234,,,predictions/SVC/repeat_6_fold_3_predictions.csv.gz,roc_raw/SVC/repeat_6_fold_3_roc.csv
SVC,6,4,29,70,1026,0.9743396828653832,0.9259259259259259,0.9259233926128592,0.9263565891472868,0.9254901960784314,128.51277550007217,,,predictions/SVC/repeat_6_fold_4_predictions.csv.gz,roc_raw/SVC/repeat_6_fold_4_roc.csv
SVC,6,5,30,71,1025,0.9795017056530216,0.9297560975609757,0.9297554958234027,0.9295499021526419,0.9299610894941633,124.2118257000111,,,predictions/SVC/repeat_6_fold_5_predictions.csv.gz,roc_raw/SVC/repeat_6_fold_5_roc.csv
DistilBERT,1,1,1,42,1026,0.9763421983592292,0.9298245614035088,0.9297978857257981,0.9284294234592445,0.9311663479923518,153.4562415999826,16.0,16.0,predictions/DistilBERT/repeat_1_fold_1_predictions.csv.gz,roc_raw/DistilBERT/repeat_1_fold_1_roc.csv
DistilBERT,1,2,2,43,1026,0.9755252328351742,0.9200779727095516,0.9200731133599085,0.9194499017681729,0.9206963249516441,153.867274899967,16.0,16.0,predictions/DistilBERT/repeat_1_fold_2_predictions.csv.gz,roc_raw/DistilBERT/repeat_1_fold_2_roc.csv
DistilBERT,1,3,3,44,1026,0.9773852543422668,0.9181286549707602,0.9181134083307996,0.91699604743083,0.9192307692307692,153.80368269991595,16.0,16.0,predictions/DistilBERT/repeat_1_fold_3_predictions.csv.gz,roc_raw/DistilBERT/repeat_1_fold_3_roc.csv
DistilBERT,1,4,4,45,1026,0.9670876888995285,0.9152046783625731,0.9152039533869685,0.9149560117302051,0.9154518950437317,153.73475770000368,16.0,16.0,predictions/DistilBERT/repeat_1_fold_4_predictions.csv.gz,roc_raw/DistilBERT/repeat_1_fold_4_roc.csv
DistilBERT,1,5,5,46,1025,0.9768347191764132,0.9170731707317074,0.9170703291201412,0.9175557710960232,0.9165848871442591,154.1431886999635,16.0,16.0,predictions/DistilBERT/repeat_1_fold_5_predictions.csv.gz,roc_raw/DistilBERT/repeat_1_fold_5_roc.csv
DistilBERT,2,1,6,47,1026,0.9674391740668544,0.9044834307992202,0.904477623283793,0.9037328094302554,0.9052224371373307,154.0914466000395,16.0,16.0,predictions/DistilBERT/repeat_2_fold_1_predictions.csv.gz,roc_raw/DistilBERT/repeat_2_fold_1_roc.csv
DistilBERT,2,2,7,48,1026,0.9720977774737906,0.9171539961013645,0.9171476208798256,0.9164208456243855,0.9178743961352657,154.27936339995358,16.0,16.0,predictions/DistilBERT/repeat_2_fold_2_predictions.csv.gz,roc_raw/DistilBERT/repeat_2_fold_2_roc.csv
DistilBERT,2,3,8,49,1026,0.9752592440599006,0.9210526315789473,0.921048956562961,0.9205103042198234,0.9215876089060987,154.12623970001005,16.0,16.0,predictions/DistilBERT/repeat_2_fold_3_predictions.csv.gz,roc_raw/DistilBERT/repeat_2_fold_3_roc.csv
DistilBERT,2,4,9,50,1026,0.9801952357610508,0.9307992202729045,0.9307802167833696,0.929633300297324,0.9319271332694152,154.10278640000615,16.0,16.0,predictions/DistilBERT/repeat_2_fold_4_predictions.csv.gz,roc_raw/DistilBERT/repeat_2_fold_4_roc.csv
DistilBERT,2,5,10,51,1025,0.9751195480019492,0.9092682926829269,0.9092264753018879,0.9072781655034895,0.9111747851002865,153.9512284999946,16.0,16.0,predictions/DistilBERT/repeat_2_fold_5_predictions.csv.gz,roc_raw/DistilBERT/repeat_2_fold_5_roc.csv
DistilBERT,3,1,11,52,1026,0.976361197557463,0.9230019493177388,0.9229930977478611,0.9221674876847291,0.9238187078109932,153.89225480007008,16.0,16.0,predictions/DistilBERT/repeat_3_fold_1_predictions.csv.gz,roc_raw/DistilBERT/repeat_3_fold_1_roc.csv
DistilBERT,3,2,12,53,1026,0.9758520190447963,0.919103313840156,0.9190970886238298,0.9183874139626353,0.9198067632850242,154.33882379997522,16.0,16.0,predictions/DistilBERT/repeat_3_fold_2_predictions.csv.gz,roc_raw/DistilBERT/repeat_3_fold_2_roc.csv
DistilBERT,3,3,13,54,1026,0.970830530951594,0.9005847953216374,0.9004482359745518,0.8967611336032388,0.9041353383458647,154.4089466999285,16.0,16.0,predictions/DistilBERT/repeat_3_fold_3_predictions.csv.gz,roc_raw/DistilBERT/repeat_3_fold_3_roc.csv
DistilBERT,3,4,14,55,1026,0.970663338007136,0.9074074074074074,0.9073333745311765,0.9047141424272819,0.909952606635071,154.19599829998333,16.0,16.0,predictions/DistilBERT/repeat_3_fold_4_predictions.csv.gz,roc_raw/DistilBERT/repeat_3_fold_4_roc.csv
DistilBERT,3,5,15,56,1025,0.9736518488060428,0.9190243902439025,0.9190216154937849,0.9185475956820411,0.9194956353055286,154.31338129995856,16.0,16.0,predictions/DistilBERT/repeat_3_fold_5_predictions.csv.gz,roc_raw/DistilBERT/repeat_3_fold_5_roc.csv
DistilBERT,4,1,16,57,1026,0.9718431882174572,0.9093567251461988,0.9093187358337254,0.9074626865671643,0.9111747851002865,154.33224250003695,16.0,16.0,predictions/DistilBERT/repeat_4_fold_1_predictions.csv.gz,roc_raw/DistilBERT/repeat_4_fold_1_roc.csv
DistilBERT,4,2,17,58,1026,0.974037595613465,0.9161793372319688,0.9161678694804528,0.9151873767258382,0.9171483622350675,154.302908499958,16.0,16.0,predictions/DistilBERT/repeat_4_fold_2_predictions.csv.gz,roc_raw/DistilBERT/repeat_4_fold_2_roc.csv
DistilBERT,4,3,18,59,1026,0.9708191314326536,0.9161793372319688,0.9161334473909324,0.9141716566866267,0.9180952380952382,154.38334790000226,16.0,16.0,predictions/DistilBERT/repeat_4_fold_3_predictions.csv.gz,roc_raw/DistilBERT/repeat_4_fold_3_roc.csv
DistilBERT,4,4,19,60,1026,0.9664018178432868,0.9025341130604289,0.902524853312255,0.9015748031496063,0.9034749034749036,154.48955359996762,16.0,16.0,predictions/DistilBERT/repeat_4_fold_4_predictions.csv.gz,roc_raw/DistilBERT/repeat_4_fold_4_roc.csv
DistilBERT,4,5,20,61,1025,0.9800651803118908,0.9258536585365854,0.9258377760853008,0.9247524752475248,0.9269230769230768,154.54547290003393,16.0,16.0,predictions/DistilBERT/repeat_4_fold_5_predictions.csv.gz,roc_raw/DistilBERT/repeat_4_fold_5_roc.csv
DistilBERT,5,1,21,62,1026,0.9681231452032724,0.9132553606237817,0.9132315393481675,0.9117938553022794,0.9146692233940555,154.57970570004545,16.0,16.0,predictions/DistilBERT/repeat_5_fold_1_predictions.csv.gz,roc_raw/DistilBERT/repeat_5_fold_1_roc.csv
DistilBERT,5,2,22,63,1026,0.9731731320938256,0.9220272904483431,0.9219914236185031,0.9203187250996016,0.9236641221374046,153.70533819997218,16.0,16.0,predictions/DistilBERT/repeat_5_fold_2_predictions.csv.gz,roc_raw/DistilBERT/repeat_5_fold_2_roc.csv
DistilBERT,5,3,23,64,1026,0.9774042535405004,0.9249512670565302,0.9249494846820077,0.9253152279340446,0.9245837414299706,153.75606100005098,16.0,16.0,predictions/DistilBERT/repeat_5_fold_3_predictions.csv.gz,roc_raw/DistilBERT/repeat_5_fold_3_roc.csv
DistilBERT,5,4,24,65,1026,0.9774042535405004,0.9200779727095516,0.9199681897050318,0.917004048582996,0.9229323308270676,153.61057920008898,16.0,16.0,predictions/DistilBERT/repeat_5_fold_4_predictions.csv.gz,roc_raw/DistilBERT/repeat_5_fold_4_roc.csv
DistilBERT,5,5,25,66,1025,0.9769965277777778,0.9229268292682927,0.922916264073315,0.9220138203356367,0.9238187078109932,153.48564980004448,16.0,16.0,predictions/DistilBERT/repeat_5_fold_5_predictions.csv.gz,roc_raw/DistilBERT/repeat_5_fold_5_roc.csv
DistilBERT,6,1,26,67,1026,0.9777614384672966,0.9210526315789473,0.9210507566135404,0.9214354995150339,0.9206660137120469,153.2759641999146,16.0,16.0,predictions/DistilBERT/repeat_6_fold_1_predictions.csv.gz,roc_raw/DistilBERT/repeat_6_fold_1_roc.csv
DistilBERT,6,2,27,68,1026,0.9696411811421556,0.9015594541910331,0.9014312660336135,0.897876643073812,0.9049858889934149,153.2505347999977,16.0,16.0,predictions/DistilBERT/repeat_6_fold_2_predictions.csv.gz,roc_raw/DistilBERT/repeat_6_fold_2_roc.csv
DistilBERT,6,3,28,69,1026,0.977208561798692,0.9152046783625731,0.9151813923965233,0.9137760158572844,0.9165867689357622,153.10384100000374,16.0,16.0,predictions/DistilBERT/repeat_6_fold_3_predictions.csv.gz,roc_raw/DistilBERT/repeat_6_fold_3_roc.csv
DistilBERT,6,4,29,70,1026,0.9717025941505268,0.9152046783625731,0.9152026645108398,0.9156159068865178,0.9147894221351616,153.06360410002526,16.0,16.0,predictions/DistilBERT/repeat_6_fold_4_predictions.csv.gz,roc_raw/DistilBERT/repeat_6_fold_4_roc.csv
DistilBERT,6,5,30,71,1025,0.9697741532651072,0.92,0.919952380952381,0.9179999999999999,0.921904761904762,153.1013412999455,16.0,16.0,predictions/DistilBERT/repeat_6_fold_5_predictions.csv.gz,roc_raw/DistilBERT/repeat_6_fold_5_roc.csv
RoBERTa,1,1,1,42,1026,0.993544072440143,0.9629629629629629,0.9629629629629629,0.9629629629629629,0.9629629629629629,320.59354519995395,16.0,16.0,predictions/RoBERTa/repeat_1_fold_1_predictions.csv.gz,roc_raw/RoBERTa/repeat_1_fold_1_roc.csv
RoBERTa,1,2,2,43,1026,0.9901565153950505,0.949317738791423,0.9493160054719563,0.9496124031007752,0.9490196078431372,320.255234500044,16.0,16.0,predictions/RoBERTa/repeat_1_fold_2_predictions.csv.gz,roc_raw/RoBERTa/repeat_1_fold_2_roc.csv
RoBERTa,1,3,3,44,1026,0.9878481128096394,0.9502923976608187,0.9502923504405443,0.9503407984420642,0.9502439024390245,323.4386620000005,16.0,16.0,predictions/RoBERTa/repeat_1_fold_3_predictions.csv.gz,roc_raw/RoBERTa/repeat_1_fold_3_roc.csv
RoBERTa,1,4,4,45,1026,0.9890089638217268,0.9512670565302144,0.9512446397615645,0.9522900763358779,0.950199203187251,290.5852329999907,16.0,16.0,predictions/RoBERTa/repeat_1_fold_4_predictions.csv.gz,roc_raw/RoBERTa/repeat_1_fold_4_roc.csv
RoBERTa,1,5,5,46,1025,0.9936228374756336,0.9580487804878048,0.9580487804878048,0.9580487804878048,0.9580487804878048,319.49970359995496,16.0,16.0,predictions/RoBERTa/repeat_1_fold_5_predictions.csv.gz,roc_raw/RoBERTa/repeat_1_fold_5_roc.csv
RoBERTa,2,1,6,47,1026,0.9887391752068062,0.9551656920077972,0.9551629660311682,0.9555125725338491,0.9548133595284872,290.61053139995784,16.0,16.0,predictions/RoBERTa/repeat_2_fold_1_predictions.csv.gz,roc_raw/RoBERTa/repeat_2_fold_1_roc.csv
RoBERTa,2,2,7,48,1026,0.9830964133313572,0.9434697855750487,0.9434523809523809,0.9444444444444445,0.9424603174603174,290.9286396999378,16.0,16.0,predictions/RoBERTa/repeat_2_fold_2_predictions.csv.gz,roc_raw/RoBERTa/repeat_2_fold_2_roc.csv
RoBERTa,2,3,8,49,1026,0.9900938180408784,0.9512670565302144,0.951265389876881,0.9515503875968991,0.9509803921568628,321.605944900075,16.0,16.0,predictions/RoBERTa/repeat_2_fold_3_predictions.csv.gz,roc_raw/RoBERTa/repeat_2_fold_3_roc.csv
RoBERTa,2,4,9,50,1026,0.9905440990390204,0.9541910331384016,0.954178453363639,0.9549376797698944,0.9534192269573836,290.833311400027,16.0,16.0,predictions/RoBERTa/repeat_2_fold_4_predictions.csv.gz,roc_raw/RoBERTa/repeat_2_fold_4_roc.csv
RoBERTa,2,5,10,51,1025,0.9938874421296297,0.9521951219512195,0.9521905713809762,0.9526570048309178,0.9517241379310345,291.7011583000421,16.0,16.0,predictions/RoBERTa/repeat_2_fold_5_predictions.csv.gz,roc_raw/RoBERTa/repeat_2_fold_5_roc.csv
RoBERTa,3,1,11,52,1026,0.9868145564257188,0.9512670565302144,0.9512624266561275,0.9517374517374518,0.9507874015748031,320.2050301999552,16.0,16.0,predictions/RoBERTa/repeat_3_fold_1_predictions.csv.gz,roc_raw/RoBERTa/repeat_3_fold_1_roc.csv
RoBERTa,3,2,12,53,1026,0.9911083752265654,0.9532163742690059,0.9532147742818058,0.9534883720930233,0.9529411764705883,291.7651375998976,16.0,16.0,predictions/RoBERTa/repeat_3_fold_2_predictions.csv.gz,roc_raw/RoBERTa/repeat_3_fold_2_roc.csv
RoBERTa,3,3,13,54,1026,0.9924573183011678,0.9522417153996101,0.9522253317685294,0.9531100478468899,0.9513406156901688,291.76974350004457,16.0,16.0,predictions/RoBERTa/repeat_3_fold_3_predictions.csv.gz,roc_raw/RoBERTa/repeat_3_fold_3_roc.csv
RoBERTa,3,4,14,55,1026,0.9949538129490936,0.9629629629629629,0.9629629629629629,0.9629629629629629,0.9629629629629629,291.78589969989844,16.0,16.0,predictions/RoBERTa/repeat_3_fold_4_predictions.csv.gz,roc_raw/RoBERTa/repeat_3_fold_4_roc.csv
RoBERTa,3,5,15,56,1025,0.9866936220760234,0.9346341463414635,0.9346301642646166,0.9351403678606002,0.9341199606686332,291.8833566000685,16.0,16.0,predictions/RoBERTa/repeat_3_fold_5_predictions.csv.gz,roc_raw/RoBERTa/repeat_3_fold_5_roc.csv
RoBERTa,4,1,16,57,1026,0.9907948884557072,0.9541910331384016,0.9541812397916862,0.9548511047070124,0.9535113748763601,291.79457659996115,16.0,16.0,predictions/RoBERTa/repeat_4_fold_1_predictions.csv.gz,roc_raw/RoBERTa/repeat_4_fold_1_roc.csv
RoBERTa,4,2,17,58,1026,0.992409820305583,0.9502923976608187,0.9502844161606525,0.9509143407122232,0.9496544916090819,291.64677059999667,16.0,16.0,predictions/RoBERTa/repeat_4_fold_2_predictions.csv.gz,roc_raw/RoBERTa/repeat_4_fold_2_roc.csv
RoBERTa,4,3,18,59,1026,0.98812360118403,0.9473684210526315,0.9473684210526315,0.9473684210526315,0.9473684210526315,291.820358099998,16.0,16.0,predictions/RoBERTa/repeat_4_fold_3_predictions.csv.gz,roc_raw/RoBERTa/repeat_4_fold_3_roc.csv
RoBERTa,4,4,19,60,1026,0.98724203838598,0.9502923976608187,0.950291217127044,0.9500489715964741,0.950533462657614,320.809378700098,16.0,16.0,predictions/RoBERTa/repeat_4_fold_4_predictions.csv.gz,roc_raw/RoBERTa/repeat_4_fold_4_roc.csv
RoBERTa,4,5,20,61,1025,0.9903314601608186,0.96,0.9599945167975432,0.9604628736740599,0.9595261599210266,291.74126229994,16.0,16.0,predictions/RoBERTa/repeat_4_fold_5_predictions.csv.gz,roc_raw/RoBERTa/repeat_4_fold_5_roc.csv
RoBERTa,5,1,21,62,1026,0.98547321303041,0.9463937621832359,0.9463823018838882,0.94716618635927,0.9455984174085065,291.73909330007154,16.0,16.0,predictions/RoBERTa/repeat_5_fold_1_predictions.csv.gz,roc_raw/RoBERTa/repeat_5_fold_1_roc.csv
RoBERTa,5,2,22,63,1026,0.990566898076901,0.9532163742690059,0.9532161964980544,0.9533073929961089,0.953125,291.84109640005045,16.0,16.0,predictions/RoBERTa/repeat_5_fold_2_predictions.csv.gz,roc_raw/RoBERTa/repeat_5_fold_2_roc.csv
RoBERTa,5,3,23,64,1026,0.9941292477457452,0.9483430799220273,0.948307281640615,0.949667616334283,0.9469469469469469,292.06762370001525,16.0,16.0,predictions/RoBERTa/repeat_5_fold_3_predictions.csv.gz,roc_raw/RoBERTa/repeat_5_fold_3_roc.csv
RoBERTa,5,4,24,65,1026,0.9902363120276324,0.9532163742690059,0.9532147742818058,0.9529411764705883,0.9534883720930233,291.9649517000653,16.0,16.0,predictions/RoBERTa/repeat_5_fold_4_predictions.csv.gz,roc_raw/RoBERTa/repeat_5_fold_4_roc.csv
RoBERTa,5,5,25,66,1025,0.992216054459064,0.9551219512195122,0.955116782039859,0.9555984555984556,0.9546351084812623,291.62540609994903,16.0,16.0,predictions/RoBERTa/repeat_5_fold_5_predictions.csv.gz,roc_raw/RoBERTa/repeat_5_fold_5_roc.csv
RoBERTa,6,1,26,67,1026,0.9913667643225456,0.9502923976608187,0.9502787472669275,0.9511025886864813,0.9494549058473737,291.7289453999838,16.0,16.0,predictions/RoBERTa/repeat_6_fold_1_predictions.csv.gz,roc_raw/RoBERTa/repeat_6_fold_1_roc.csv
RoBERTa,6,2,27,68,1026,0.9885225843469404,0.942495126705653,0.942488516039542,0.9431051108968178,0.941871921182266,291.7811295000138,16.0,16.0,predictions/RoBERTa/repeat_6_fold_2_predictions.csv.gz,roc_raw/RoBERTa/repeat_6_fold_2_roc.csv
RoBERTa,6,3,28,69,1026,0.992825902746904,0.9551656920077972,0.9551650105447151,0.9553398058252426,0.9549902152641878,291.7973423000658,16.0,16.0,predictions/RoBERTa/repeat_6_fold_3_predictions.csv.gz,roc_raw/RoBERTa/repeat_6_fold_3_roc.csv
RoBERTa,6,4,29,70,1026,0.9865789663676192,0.9580896686159844,0.9580886732639782,0.9582929194956352,0.9578844270323212,291.6236870000139,16.0,16.0,predictions/RoBERTa/repeat_6_fold_4_predictions.csv.gz,roc_raw/RoBERTa/repeat_6_fold_4_roc.csv
RoBERTa,6,5,30,71,1025,0.991917184454191,0.9463414634146341,0.9463314512451579,0.9455984174085064,0.9470644850818094,291.6151568000205,16.0,16.0,predictions/RoBERTa/repeat_6_fold_5_predictions.csv.gz,roc_raw/RoBERTa/repeat_6_fold_5_roc.csv
